"slug","tipo","ruta"
"amazon-programa-afiliados","ENCODING_ROTO","C:\Users\user\Desktop\PROYECTOS_ACTIVOS\WEBS\automatizatunegocio\guias\amazon-programa-afiliados\index.html"
"automatizar-campanas","ENCODING_ROTO","C:\Users\user\Desktop\PROYECTOS_ACTIVOS\WEBS\automatizatunegocio\guias\automatizar-campanas\index.html"
"automatizar-citas-whatsapp","ENCODING_ROTO","C:\Users\user\Desktop\PROYECTOS_ACTIVOS\WEBS\automatizatunegocio\guias\automatizar-citas-whatsapp\index.html"
"automatizar-documentos","ENCODING_ROTO","C:\Users\user\Desktop\PROYECTOS_ACTIVOS\WEBS\automatizatunegocio\guias\automatizar-documentos\index.html"
"automatizar-ecommerce","ENCODING_ROTO","C:\Users\user\Desktop\PROYECTOS_ACTIVOS\WEBS\automatizatunegocio\guias\automatizar-ecommerce\index.html"
"automatizar-email-bienvenida","ENCODING_ROTO","C:\Users\user\Desktop\PROYECTOS_ACTIVOS\WEBS\automatizatunegocio\guias\automatizar-email-bienvenida\index.html"
"automatizar-facturacion","ENCODING_ROTO","C:\Users\user\Desktop\PROYECTOS_ACTIVOS\WEBS\automatizatunegocio\guias\automatizar-facturacion\index.html"
"automatizar-flujos-no-code","ENCODING_ROTO","C:\Users\user\Desktop\PROYECTOS_ACTIVOS\WEBS\automatizatunegocio\guias\automatizar-flujos-no-code\index.html"
"automatizar-google-sheets","ENCODING_ROTO","C:\Users\user\Desktop\PROYECTOS_ACTIVOS\WEBS\automatizatunegocio\guias\automatizar-google-sheets\index.html"
"automatizar-lead-magnet","ENCODING_ROTO","C:\Users\user\Desktop\PROYECTOS_ACTIVOS\WEBS\automatizatunegocio\guias\automatizar-lead-magnet\index.html"
"automatizar-newsletter","ENCODING_ROTO","C:\Users\user\Desktop\PROYECTOS_ACTIVOS\WEBS\automatizatunegocio\guias\automatizar-newsletter\index.html"
"automatizar-onboarding","ENCODING_ROTO","C:\Users\user\Desktop\PROYECTOS_ACTIVOS\WEBS\automatizatunegocio\guias\automatizar-onboarding\index.html"
"automatizar-prospeccion","ENCODING_ROTO","C:\Users\user\Desktop\PROYECTOS_ACTIVOS\WEBS\automatizatunegocio\guias\automatizar-prospeccion\index.html"
"automatizar-redes","ENCODING_ROTO","C:\Users\user\Desktop\PROYECTOS_ACTIVOS\WEBS\automatizatunegocio\guias\automatizar-redes\index.html"
"automatizar-reportes","ENCODING_ROTO","C:\Users\user\Desktop\PROYECTOS_ACTIVOS\WEBS\automatizatunegocio\guias\automatizar-reportes\index.html"
"automatizar-reputacion","ENCODING_ROTO","C:\Users\user\Desktop\PROYECTOS_ACTIVOS\WEBS\automatizatunegocio\guias\automatizar-reputacion\index.html"
"automatizar-retencion","ENCODING_ROTO","C:\Users\user\Desktop\PROYECTOS_ACTIVOS\WEBS\automatizatunegocio\guias\automatizar-retencion\index.html"
"automatizar-segmentacion","ENCODING_ROTO","C:\Users\user\Desktop\PROYECTOS_ACTIVOS\WEBS\automatizatunegocio\guias\automatizar-segmentacion\index.html"
"automatizar-seguimiento-pagos","ENCODING_ROTO","C:\Users\user\Desktop\PROYECTOS_ACTIVOS\WEBS\automatizatunegocio\guias\automatizar-seguimiento-pagos\index.html"
"automatizar-soporte","ENCODING_ROTO","C:\Users\user\Desktop\PROYECTOS_ACTIVOS\WEBS\automatizatunegocio\guias\automatizar-soporte\index.html"
"automatizar-suscripciones","ENCODING_ROTO","C:\Users\user\Desktop\PROYECTOS_ACTIVOS\WEBS\automatizatunegocio\guias\automatizar-suscripciones\index.html"
"automatizar-tareas-equipo","ENCODING_ROTO","C:\Users\user\Desktop\PROYECTOS_ACTIVOS\WEBS\automatizatunegocio\guias\automatizar-tareas-equipo\index.html"
"automatizar-ventas","ENCODING_ROTO","C:\Users\user\Desktop\PROYECTOS_ACTIVOS\WEBS\automatizatunegocio\guias\automatizar-ventas\index.html"
"brevo-que-es","ENCODING_ROTO","C:\Users\user\Desktop\PROYECTOS_ACTIVOS\WEBS\automatizatunegocio\guias\brevo-que-es\index.html"
"calendly-alternativas","ENCODING_ROTO","C:\Users\user\Desktop\PROYECTOS_ACTIVOS\WEBS\automatizatunegocio\guias\calendly-alternativas\index.html"
"como-crear-web-monetizable-ia","ENCODING_ROTO","C:\Users\user\Desktop\PROYECTOS_ACTIVOS\WEBS\automatizatunegocio\guias\como-crear-web-monetizable-ia\index.html"
"crm-para-pymes","ENCODING_ROTO","C:\Users\user\Desktop\PROYECTOS_ACTIVOS\WEBS\automatizatunegocio\guias\crm-para-pymes\index.html"
"email-marketing-automatico","ENCODING_ROTO","C:\Users\user\Desktop\PROYECTOS_ACTIVOS\WEBS\automatizatunegocio\guias\email-marketing-automatico\index.html"
"embudos-simples","ENCODING_ROTO","C:\Users\user\Desktop\PROYECTOS_ACTIVOS\WEBS\automatizatunegocio\guias\embudos-simples\index.html"
"formularios-y-leads","ENCODING_ROTO","C:\Users\user\Desktop\PROYECTOS_ACTIVOS\WEBS\automatizatunegocio\guias\formularios-y-leads\index.html"
"hostinger-programa-afiliados","ENCODING_ROTO","C:\Users\user\Desktop\PROYECTOS_ACTIVOS\WEBS\automatizatunegocio\guias\hostinger-programa-afiliados\index.html"
"jasper-ai-programa-afiliados","ENCODING_ROTO","C:\Users\user\Desktop\PROYECTOS_ACTIVOS\WEBS\automatizatunegocio\guias\jasper-ai-programa-afiliados\index.html"
"namecheap-programa-afiliados","ENCODING_ROTO","C:\Users\user\Desktop\PROYECTOS_ACTIVOS\WEBS\automatizatunegocio\guias\namecheap-programa-afiliados\index.html"
"notion-programa-afiliados","ENCODING_ROTO","C:\Users\user\Desktop\PROYECTOS_ACTIVOS\WEBS\automatizatunegocio\guias\notion-programa-afiliados\index.html"
"pictory-programa-afiliados","ENCODING_ROTO","C:\Users\user\Desktop\PROYECTOS_ACTIVOS\WEBS\automatizatunegocio\guias\pictory-programa-afiliados\index.html"
"seen-programa-afiliados","ENCODING_ROTO","C:\Users\user\Desktop\PROYECTOS_ACTIVOS\WEBS\automatizatunegocio\guias\seen-programa-afiliados\index.html"
"whatsapp-automatizado","ENCODING_ROTO","C:\Users\user\Desktop\PROYECTOS_ACTIVOS\WEBS\automatizatunegocio\guias\whatsapp-automatizado\index.html"
"writesonic-programa-afiliados","ENCODING_ROTO","C:\Users\user\Desktop\PROYECTOS_ACTIVOS\WEBS\automatizatunegocio\guias\writesonic-programa-afiliados\index.html"
"alternativas-a-mailchimp","LEGACY_PLANA","C:\Users\user\Desktop\PROYECTOS_ACTIVOS\WEBS\automatizatunegocio\guias\alternativas-a-mailchimp\index.html"
"automatizacion-de-marketing-con-ia","LEGACY_PLANA","C:\Users\user\Desktop\PROYECTOS_ACTIVOS\WEBS\automatizatunegocio\guias\automatizacion-de-marketing-con-ia\index.html"
"automatizacion-de-procesos-digitales","LEGACY_PLANA","C:\Users\user\Desktop\PROYECTOS_ACTIVOS\WEBS\automatizatunegocio\guias\automatizacion-de-procesos-digitales\index.html"
"automatizacion-sin-programar","LEGACY_PLANA","C:\Users\user\Desktop\PROYECTOS_ACTIVOS\WEBS\automatizatunegocio\guias\automatizacion-sin-programar\index.html"
"automatizar-blogs","LEGACY_PLANA","C:\Users\user\Desktop\PROYECTOS_ACTIVOS\WEBS\automatizatunegocio\guias\automatizar-blogs\index.html"
"automatizar-blogs-con-ia","LEGACY_PLANA","C:\Users\user\Desktop\PROYECTOS_ACTIVOS\WEBS\automatizatunegocio\guias\automatizar-blogs-con-ia\index.html"
"automatizar-captacion-de-leads-con-ia","LEGACY_PLANA","C:\Users\user\Desktop\PROYECTOS_ACTIVOS\WEBS\automatizatunegocio\guias\automatizar-captacion-de-leads-con-ia\index.html"
"automatizar-crecimiento-en-redes-sociales","LEGACY_PLANA","C:\Users\user\Desktop\PROYECTOS_ACTIVOS\WEBS\automatizatunegocio\guias\automatizar-crecimiento-en-redes-sociales\index.html"
"automatizar-embudos-con-ia","LEGACY_PLANA","C:\Users\user\Desktop\PROYECTOS_ACTIVOS\WEBS\automatizatunegocio\guias\automatizar-embudos-con-ia\index.html"
"automatizar-embudos-venta","LEGACY_PLANA","C:\Users\user\Desktop\PROYECTOS_ACTIVOS\WEBS\automatizatunegocio\guias\automatizar-embudos-venta\index.html"
"automatizar-empresa-con-ia","LEGACY_PLANA","C:\Users\user\Desktop\PROYECTOS_ACTIVOS\WEBS\automatizatunegocio\guias\automatizar-empresa-con-ia\index.html"
"automatizar-ingresos-con-inteligencia-artificial","LEGACY_PLANA","C:\Users\user\Desktop\PROYECTOS_ACTIVOS\WEBS\automatizatunegocio\guias\automatizar-ingresos-con-inteligencia-artificial\index.html"
"automatizar-instagram-con-ia","LEGACY_PLANA","C:\Users\user\Desktop\PROYECTOS_ACTIVOS\WEBS\automatizatunegocio\guias\automatizar-instagram-con-ia\index.html"
"automatizar-marketing-con-chatgpt","LEGACY_PLANA","C:\Users\user\Desktop\PROYECTOS_ACTIVOS\WEBS\automatizatunegocio\guias\automatizar-marketing-con-chatgpt\index.html"
"automatizar-marketing-con-inteligencia-artificial","LEGACY_PLANA","C:\Users\user\Desktop\PROYECTOS_ACTIVOS\WEBS\automatizatunegocio\guias\automatizar-marketing-con-inteligencia-artificial\index.html"
"automatizar-marketing-digital","LEGACY_PLANA","C:\Users\user\Desktop\PROYECTOS_ACTIVOS\WEBS\automatizatunegocio\guias\automatizar-marketing-digital\index.html"
"automatizar-marketing-digital-con-inteligencia-artificial","LEGACY_PLANA","C:\Users\user\Desktop\PROYECTOS_ACTIVOS\WEBS\automatizatunegocio\guias\automatizar-marketing-digital-con-inteligencia-artificial\index.html"
"automatizar-negocio-con-ia","LEGACY_PLANA","C:\Users\user\Desktop\PROYECTOS_ACTIVOS\WEBS\automatizatunegocio\guias\automatizar-negocio-con-ia\index.html"
"automatizar-negocio-con-inteligencia-artificial","LEGACY_PLANA","C:\Users\user\Desktop\PROYECTOS_ACTIVOS\WEBS\automatizatunegocio\guias\automatizar-negocio-con-inteligencia-artificial\index.html"
"automatizar-negocio-online","LEGACY_PLANA","C:\Users\user\Desktop\PROYECTOS_ACTIVOS\WEBS\automatizatunegocio\guias\automatizar-negocio-online\index.html"
"automatizar-negocios-con-inteligencia-artificial","LEGACY_PLANA","C:\Users\user\Desktop\PROYECTOS_ACTIVOS\WEBS\automatizatunegocio\guias\automatizar-negocios-con-inteligencia-artificial\index.html"
"automatizar-negocios-con-inteligencia-artificial-para-negocios","LEGACY_PLANA","C:\Users\user\Desktop\PROYECTOS_ACTIVOS\WEBS\automatizatunegocio\guias\automatizar-negocios-con-inteligencia-artificial-para-negocios\index.html"
"automatizar-procesos-negocio","LEGACY_PLANA","C:\Users\user\Desktop\PROYECTOS_ACTIVOS\WEBS\automatizatunegocio\guias\automatizar-procesos-negocio\index.html"
"automatizar-publicacion-en-redes-sociales","LEGACY_PLANA","C:\Users\user\Desktop\PROYECTOS_ACTIVOS\WEBS\automatizatunegocio\guias\automatizar-publicacion-en-redes-sociales\index.html"
"automatizar-redes-sociales-con-ia","LEGACY_PLANA","C:\Users\user\Desktop\PROYECTOS_ACTIVOS\WEBS\automatizatunegocio\guias\automatizar-redes-sociales-con-ia\index.html"
"automatizar-redes-sociales-con-inteligencia-artificial","LEGACY_PLANA","C:\Users\user\Desktop\PROYECTOS_ACTIVOS\WEBS\automatizatunegocio\guias\automatizar-redes-sociales-con-inteligencia-artificial\index.html"
"automatizar-seo-con-ia","LEGACY_PLANA","C:\Users\user\Desktop\PROYECTOS_ACTIVOS\WEBS\automatizatunegocio\guias\automatizar-seo-con-ia\index.html"
"automatizar-seo-con-inteligencia-artificial","LEGACY_PLANA","C:\Users\user\Desktop\PROYECTOS_ACTIVOS\WEBS\automatizatunegocio\guias\automatizar-seo-con-inteligencia-artificial\index.html"
"automatizar-tareas-con-inteligencia-artificial","LEGACY_PLANA","C:\Users\user\Desktop\PROYECTOS_ACTIVOS\WEBS\automatizatunegocio\guias\automatizar-tareas-con-inteligencia-artificial\index.html"
"automatizar-tareas-empresariales","LEGACY_PLANA","C:\Users\user\Desktop\PROYECTOS_ACTIVOS\WEBS\automatizatunegocio\guias\automatizar-tareas-empresariales\index.html"
"automatizar-tareas-repetitivas-con-ia","LEGACY_PLANA","C:\Users\user\Desktop\PROYECTOS_ACTIVOS\WEBS\automatizatunegocio\guias\automatizar-tareas-repetitivas-con-ia\index.html"
"automatizar-ventas-con-ia","LEGACY_PLANA","C:\Users\user\Desktop\PROYECTOS_ACTIVOS\WEBS\automatizatunegocio\guias\automatizar-ventas-con-ia\index.html"
"como-usar-chatgpt","LEGACY_PLANA","C:\Users\user\Desktop\PROYECTOS_ACTIVOS\WEBS\automatizatunegocio\guias\como-usar-chatgpt\index.html"
"ejemplos-de-automatizar-negocios-con-inteligencia-artificial","LEGACY_PLANA","C:\Users\user\Desktop\PROYECTOS_ACTIVOS\WEBS\automatizatunegocio\guias\ejemplos-de-automatizar-negocios-con-inteligencia-artificial\index.html"
"gadgets-tecnologicos-amazon","LEGACY_PLANA","C:\Users\user\Desktop\PROYECTOS_ACTIVOS\WEBS\automatizatunegocio\guias\gadgets-tecnologicos-amazon\index.html"
"herramientas-automatizacion-empresas","LEGACY_PLANA","C:\Users\user\Desktop\PROYECTOS_ACTIVOS\WEBS\automatizatunegocio\guias\herramientas-automatizacion-empresas\index.html"
"herramientas-de-automatizacion-empresarial","LEGACY_PLANA","C:\Users\user\Desktop\PROYECTOS_ACTIVOS\WEBS\automatizatunegocio\guias\herramientas-de-automatizacion-empresarial\index.html"
"herramientas-ia-para-empresas","LEGACY_PLANA","C:\Users\user\Desktop\PROYECTOS_ACTIVOS\WEBS\automatizatunegocio\guias\herramientas-ia-para-empresas\index.html"
"herramientas-ia-para-marketing","LEGACY_PLANA","C:\Users\user\Desktop\PROYECTOS_ACTIVOS\WEBS\automatizatunegocio\guias\herramientas-ia-para-marketing\index.html"
"herramientas-ia-para-negocios","LEGACY_PLANA","C:\Users\user\Desktop\PROYECTOS_ACTIVOS\WEBS\automatizatunegocio\guias\herramientas-ia-para-negocios\index.html"
"herramientas-ia-para-negocios-online","LEGACY_PLANA","C:\Users\user\Desktop\PROYECTOS_ACTIVOS\WEBS\automatizatunegocio\guias\herramientas-ia-para-negocios-online\index.html"
"mejores-herramientas-de-automatizacion","LEGACY_PLANA","C:\Users\user\Desktop\PROYECTOS_ACTIVOS\WEBS\automatizatunegocio\guias\mejores-herramientas-de-automatizacion\index.html"
"mejores-herramientas-para-automatizar-negocios-con-inteligencia-artificial","LEGACY_PLANA","C:\Users\user\Desktop\PROYECTOS_ACTIVOS\WEBS\automatizatunegocio\guias\mejores-herramientas-para-automatizar-negocios-con-inteligencia-artificial\index.html"
"plataformas-de-inteligencia-artificial-para-empresas","LEGACY_PLANA","C:\Users\user\Desktop\PROYECTOS_ACTIVOS\WEBS\automatizatunegocio\guias\plataformas-de-inteligencia-artificial-para-empresas\index.html"
"plataformas-para-automatizacion-empresarial","LEGACY_PLANA","C:\Users\user\Desktop\PROYECTOS_ACTIVOS\WEBS\automatizatunegocio\guias\plataformas-para-automatizacion-empresarial\index.html"
"que-es-automatizar-negocios-con-inteligencia-artificial","LEGACY_PLANA","C:\Users\user\Desktop\PROYECTOS_ACTIVOS\WEBS\automatizatunegocio\guias\que-es-automatizar-negocios-con-inteligencia-artificial\index.html"
"software-automatizacion-empresarial","LEGACY_PLANA","C:\Users\user\Desktop\PROYECTOS_ACTIVOS\WEBS\automatizatunegocio\guias\software-automatizacion-empresarial\index.html"
"software-de-automatizacion-empresarial","LEGACY_PLANA","C:\Users\user\Desktop\PROYECTOS_ACTIVOS\WEBS\automatizatunegocio\guias\software-de-automatizacion-empresarial\index.html"
"software-ia-para-marketing-digital","LEGACY_PLANA","C:\Users\user\Desktop\PROYECTOS_ACTIVOS\WEBS\automatizatunegocio\guias\software-ia-para-marketing-digital\index.html"
"software-para-automatizar-contenido-web","LEGACY_PLANA","C:\Users\user\Desktop\PROYECTOS_ACTIVOS\WEBS\automatizatunegocio\guias\software-para-automatizar-contenido-web\index.html"
"software-para-automatizar-marketing-digital","LEGACY_PLANA","C:\Users\user\Desktop\PROYECTOS_ACTIVOS\WEBS\automatizatunegocio\guias\software-para-automatizar-marketing-digital\index.html"
"software-para-automatizar-redes-sociales","LEGACY_PLANA","C:\Users\user\Desktop\PROYECTOS_ACTIVOS\WEBS\automatizatunegocio\guias\software-para-automatizar-redes-sociales\index.html"
"software-para-automatizar-ventas-online","LEGACY_PLANA","C:\Users\user\Desktop\PROYECTOS_ACTIVOS\WEBS\automatizatunegocio\guias\software-para-automatizar-ventas-online\index.html"
"automatizacion-de-marketing-digital-con-ia","PLANTILLA_BLANCA_ANTIGUA","C:\Users\user\Desktop\PROYECTOS_ACTIVOS\WEBS\automatizatunegocio\guias\automatizacion-de-marketing-digital-con-ia\index.html"
"automatizar-contenido-social","PLANTILLA_BLANCA_ANTIGUA","C:\Users\user\Desktop\PROYECTOS_ACTIVOS\WEBS\automatizatunegocio\guias\automatizar-contenido-social\index.html"
"automatizar-email-marketing","PLANTILLA_BLANCA_ANTIGUA","C:\Users\user\Desktop\PROYECTOS_ACTIVOS\WEBS\automatizatunegocio\guias\automatizar-email-marketing\index.html"
"automatizar-generacion-de-trafico","PLANTILLA_BLANCA_ANTIGUA","C:\Users\user\Desktop\PROYECTOS_ACTIVOS\WEBS\automatizatunegocio\guias\automatizar-generacion-de-trafico\index.html"
"automatizar-redes-sociales","PLANTILLA_BLANCA_ANTIGUA","C:\Users\user\Desktop\PROYECTOS_ACTIVOS\WEBS\automatizatunegocio\guias\automatizar-redes-sociales\index.html"
"software-para-automatizar-negocios","PLANTILLA_BLANCA_ANTIGUA","C:\Users\user\Desktop\PROYECTOS_ACTIVOS\WEBS\automatizatunegocio\guias\software-para-automatizar-negocios\index.html"
"automatizar-flujos-de-trabajo-para-pymes","REVISAR","C:\Users\user\Desktop\PROYECTOS_ACTIVOS\WEBS\automatizatunegocio\guias\automatizar-flujos-de-trabajo-para-pymes\index.html"
"automatizar-tareas-repetitivas","REVISAR","C:\Users\user\Desktop\PROYECTOS_ACTIVOS\WEBS\automatizatunegocio\guias\automatizar-tareas-repetitivas\index.html"
